year,short_passing
2007,54.608626
2008,59.882201
2009,61.179584
2010,61.206667
2011,61.164496
2012,61.792353
2013,62.683742
2014,63.372805
2015,64.146133
2016,65.33858
